{
    "gpt-3.5-turbo-1106":{
        "input": 0.000001,
        "output": 0.000002
    },
    "gpt-3.5-turbo-0125":{
        "input": 0.0000005,
        "output": 0.0000015
    },
    "gpt-4":{
        "input": 0.00003,
        "output": 0.00006
    },
    "gpt-4-0125-preview":{
        "input": 0.00001,
        "output": 0.00003
    },
    "qwen-plus-latest":{
        "input": 0.0000008,
        "output": 0.000002
    },
    "qwq-32b-preview":{
        "input": 0.000002,
        "output": 0.000006
    },
    "deepseek-r1-distill-qwen-32b":{
        "input": 0.000002,
        "output": 0.000006
    }
    
    

}